feature,importance
7,0.6614856077222673
0,0.3385143922777328
1,0.0
3,0.0
2,0.0
4,0.0
5,0.0
6,0.0
8,0.0
