feature,importance
7,0.4822198797970586
5,0.08727594038433281
6,0.052636305768098905
8,0.030509883906021888
0,0.0
4,0.0
3,0.0
2,0.0
1,0.0
