feature,importance
7,0.23396042119323948
9,0.1592280746120901
0,0.10150634423759641
10,0.08578474574869575
8,0.06437388270684345
13,0.052324749729563226
3,0.04587748778859897
15,0.043303666894039645
14,0.04191103799480765
2,0.03708809879046737
1,0.03266699056522712
11,0.030042332652855226
4,0.022206535935624536
5,0.020031770301556756
6,0.015209018112764811
12,0.014484842736029435
